"b6383e7f","music4.wav"
"2a977e00","music3.wav"
"a86f2821","music2.wav"
"e9c2880d","BabyElephantWalk60.wav"
"8c8795a6","music4.wav"
"685662f7","music3.wav"
"892a0afc","music2.wav"
"0f8119fd","BabyElephantWalk60.wav"
"46cdc1ac","music4.wav"
"c3a30006","music3.wav"
"c77973e2","music2.wav"
"b100dea3","BabyElephantWalk60.wav"
"93c0eeb6","music4.wav"
"dbb11c4c","music3.wav"
"4e85f972","music2.wav"
"0f4ec54a","BabyElephantWalk60.wav"
"f278dc75","music4.wav"
"b3b6a224","music3.wav"
"10ed882c","music2.wav"
"e0235f08","BabyElephantWalk60.wav"
"02246d86","music4.wav"
"15ad3b79","music3.wav"
"e7178b3b","music2.wav"
"b468c5c4","BabyElephantWalk60.wav"
"f22598c2","music4.wav"
"92079e7b","music3.wav"
"460f4df7","music2.wav"
"5ee41518","BabyElephantWalk60.wav"
"6dfa683b","music4.wav"
"ef46773c","music3.wav"
"b0d69be9","music2.wav"
"60e06a4d","BabyElephantWalk60.wav"
"b68e0e3e","music4.wav"
"e509db25","music3.wav"
"bc7ca314","music2.wav"
"1230f872","BabyElephantWalk60.wav"
